question,answer,category,difficulty
"What is women's empowerment?","Women's empowerment refers to the process of giving women the power and authority to make life decisions, access resources, and participate fully in social, economic, and political life. It's about creating an environment where women can exercise their rights and achieve their full potential.","basic_concepts","beginner"
"What does gender equality mean?","Gender equality means that all individuals, regardless of their gender, have equal rights, responsibilities, and opportunities. It involves equal treatment in all areas of life including education, employment, healthcare, and political participation.","basic_concepts","beginner"
"Why is girls' education important?","Educating girls is crucial because it leads to better health outcomes, economic growth, and social development. Educated women are more likely to educate their own children, participate in workforce, and make informed decisions about their health and lives.","education","intermediate"
"How can we support women's education?","You can support women's education by donating to organizations that provide scholarships for girls, mentoring young women, advocating for equal educational opportunities, supporting STEM programs for girls, and challenging gender stereotypes in educational materials.","education","intermediate"
"What is the gender pay gap?","The gender pay gap refers to the difference in average earnings between men and women. Globally, women earn about 20% less than men for similar work. This gap is influenced by factors like occupational segregation, discrimination, and caregiving responsibilities.","workplace","intermediate"
"How can companies promote gender equality?","Companies can promote gender equality by implementing equal pay policies, offering flexible work arrangements, providing mentorship programs for women, ensuring diverse hiring practices, creating safe reporting mechanisms for harassment, and having women in leadership positions.","workplace","advanced"
"What are reproductive rights?","Reproductive rights include the right to decide if, when, and how to have children; access to contraception and safe abortion; quality maternal healthcare; and freedom from forced sterilization or pregnancy. These are fundamental human rights recognized internationally.","health_rights","intermediate"
"How can we prevent gender-based violence?","Preventing gender-based violence requires comprehensive approaches including education about healthy relationships, legal reforms, support services for survivors, challenging harmful gender norms, economic empowerment for women, and community awareness programs.","health_rights","advanced"
"What does research say about attitudes toward gender-based violence?","Research shows that attitudes toward gender-based violence vary significantly by education level. For example, survey data indicates that individuals with higher education are much less likely to justify violence against women compared to those with no formal education.","data_insights","intermediate"
"How does education affect views on women's rights?","Education has a strong positive correlation with supportive attitudes toward women's rights. Data shows that people with higher education levels are more likely to believe in gender equality, support women's workforce participation, and reject gender-based violence.","data_insights","intermediate"
"What can I do to support women's empowerment?","You can support women's empowerment by educating yourself and others, supporting women-owned businesses, mentoring girls and women, advocating for policies that promote gender equality, challenging sexist remarks or behaviors, and donating to organizations that work for women's rights.","actionable_advice","beginner"
"How can men support gender equality?","Men can support gender equality by sharing domestic responsibilities, advocating for women in workplaces, challenging toxic masculinity, supporting paternity leave, listening to women's experiences, and being active allies in fighting discrimination and harassment.","actionable_advice","intermediate"
"Why is women's political representation important?","Women's political representation ensures that diverse perspectives are included in decision-making, leads to policies that address women's needs, improves governance outcomes, and inspires future generations of female leaders. It's essential for true democracy.","political_participation","intermediate"
"What are the Sustainable Development Goals for gender equality?","SDG 5 focuses specifically on achieving gender equality and empowering all women and girls. Its targets include ending discrimination, eliminating violence, ensuring equal participation, recognizing unpaid care work, and guaranteeing universal access to sexual and reproductive health.","global_context","advanced"
"What is gender mainstreaming?","Gender mainstreaming is a strategy for making women's as well as men's concerns and experiences an integral dimension in the design, implementation, monitoring and evaluation of policies and programs in all political, economic and societal spheres.","basic_concepts","advanced"
"How does women's empowerment benefit the economy?","Women's empowerment significantly boosts economic growth. When women participate fully in the economy, it leads to increased productivity, diverse perspectives in business, better resource allocation, and stronger community development through reinvestment in families and education.","economics","intermediate"
"What are microfinance programs for women?","Microfinance programs provide small loans, savings accounts, and financial services to women who lack access to traditional banking. These programs help women start businesses, gain economic independence, and improve their families' well-being, creating a positive ripple effect in communities.","economics","intermediate"
"What is the glass ceiling?","The glass ceiling refers to the invisible barriers that prevent women and minorities from advancing to upper-level positions in organizations, despite their qualifications and achievements. These barriers are often due to unconscious bias, stereotypes, and organizational structures.","workplace","intermediate"
"How can we encourage girls in STEM fields?","We can encourage girls in STEM by providing female role models, creating inclusive learning environments, offering hands-on science experiences early, challenging gender stereotypes about technical abilities, and implementing mentorship programs that support girls throughout their education.","education","intermediate"
"What is intersectional feminism?","Intersectional feminism recognizes that women experience discrimination differently based on the intersection of various identities like race, class, sexual orientation, disability, and more. It emphasizes that feminist movements must address these overlapping systems of discrimination.","basic_concepts","advanced"
"What is unpaid care work?","Unpaid care work includes domestic chores, childcare, elder care, and other household responsibilities that are disproportionately performed by women. This work is essential for society but often goes unrecognized and uncompensated, limiting women's economic opportunities.","economics","intermediate"
"How can we address the digital gender gap?","We can address the digital gender gap by improving internet access in rural areas, providing digital literacy training for women, creating safe online spaces, developing gender-responsive technology, and encouraging girls to pursue tech careers through mentorship and education programs.","technology","intermediate"
"What are women's land rights?","Women's land rights refer to the legal ability of women to own, inherit, and control land and property. Secure land rights empower women economically, provide social security, and enhance their decision-making power within households and communities.","legal_rights","intermediate"
"How does climate change affect women differently?","Climate change disproportionately affects women because they often depend more on natural resources, have less access to resources during disasters, face increased care burdens, and are more vulnerable to climate-related health issues and displacement.","environment","advanced"
"What is gender budgeting?","Gender budgeting is a process that analyzes government budgets to ensure they address gender inequalities. It involves assessing how budget allocations impact women and men differently and redirecting resources to promote gender equality.","economics","advanced"
"How can schools promote gender equality?","Schools can promote gender equality by using gender-neutral language, providing equal opportunities in sports and activities, addressing gender stereotypes in curriculum, training teachers on gender sensitivity, and creating safe reporting systems for harassment.","education","intermediate"
"What is the role of men in feminism?","Men play a crucial role in feminism by challenging patriarchal norms, supporting women's leadership, sharing domestic responsibilities, advocating for policy changes, educating other men, and using their privilege to amplify women's voices.","basic_concepts","intermediate"
"How can we support women entrepreneurs?","We can support women entrepreneurs by providing access to capital, business mentorship programs, networking opportunities, childcare support, market access, and creating policies that address the specific challenges women face in business.","economics","intermediate"
"What is sexual harassment?","Sexual harassment includes unwelcome sexual advances, requests for sexual favors, and other verbal or physical conduct of a sexual nature that creates a hostile or offensive environment. It is a form of discrimination and is illegal in most workplaces.","legal_rights","beginner"
"How can we create safer cities for women?","We can create safer cities for women by improving street lighting, designing public spaces with women's safety in mind, increasing women's participation in urban planning, providing safe public transportation, and implementing community watch programs.","community","intermediate"
"What is the motherhood penalty?","The motherhood penalty refers to the economic disadvantages women face after having children, including lower wages, reduced hiring opportunities, and limited career advancement compared to childless women and fathers.","workplace","intermediate"
"How can we promote women in leadership?","We can promote women in leadership by implementing mentorship programs, establishing diversity targets, addressing unconscious bias in promotions, providing leadership training, creating supportive work environments, and highlighting successful female leaders.","workplace","intermediate"
"What is gender-based violence?","Gender-based violence refers to harmful acts directed at an individual based on their gender. It includes physical, sexual, mental, or economic harm, and is rooted in gender inequality and the abuse of power.","health_rights","beginner"
"How can we support survivors of domestic violence?","We can support survivors by providing access to shelters, hotlines, counseling services, legal aid, economic assistance, and creating supportive communities that believe survivors and help them rebuild their lives safely.","health_rights","intermediate"
"What is the role of media in gender equality?","Media plays a powerful role in shaping gender norms. It can promote equality by portraying diverse female characters, avoiding stereotypes, highlighting women's achievements, ensuring equal representation, and creating content that challenges gender biases.","media","intermediate"
"How can we address period poverty?","We can address period poverty by making menstrual products affordable and accessible, eliminating taxes on these products, providing free products in schools and public places, educating about menstrual health, and breaking the stigma around menstruation.","health_rights","intermediate"
"What are women's political rights?","Women's political rights include the right to vote, run for office, participate in government, form political organizations, and engage in public decision-making processes without discrimination based on gender.","political_participation","beginner"
"How does women's empowerment affect children?","Women's empowerment positively affects children by leading to better health outcomes, higher educational attainment, reduced child mortality, improved nutrition, and breaking cycles of poverty across generations.","family","intermediate"
"What is the feminization of poverty?","The feminization of poverty describes the phenomenon where women represent a disproportionate percentage of the world's poor due to gender inequalities in access to resources, employment, education, and social protection.","economics","advanced"
"How can we promote body positivity?","We can promote body positivity by challenging unrealistic beauty standards, celebrating diverse body types, promoting media literacy, encouraging self-acceptance, and creating inclusive spaces that don't judge people based on appearance.","health_rights","intermediate"
"What is gender-neutral parenting?","Gender-neutral parenting involves raising children without imposing traditional gender roles, allowing them to explore interests and express themselves freely regardless of gender expectations, and using gender-neutral language and toys.","family","intermediate"
"How can we support women in sports?","We can support women in sports by ensuring equal funding, media coverage, and facilities; combating sexual harassment; providing female coaches and role models; creating safe environments; and challenging stereotypes about women's athletic abilities.","sports","intermediate"
"What is economic empowerment?","Economic empowerment means ensuring women have control over economic resources, access to decent work, equal pay, social protection, and the ability to participate in economic decision-making at all levels from household to international institutions.","economics","intermediate"
"How can we address online gender-based violence?","We can address online gender-based violence by implementing stronger platform policies, providing digital safety education, creating reporting mechanisms, supporting survivors legally and emotionally, and holding perpetrators accountable.","technology","advanced"
"What is the role of education in empowerment?","Education is fundamental to empowerment as it provides knowledge, critical thinking skills, confidence, economic opportunities, and the ability to challenge inequalities. Educated women are better equipped to claim their rights and influence society.","education","intermediate"
"How can we support women with disabilities?","We can support women with disabilities by ensuring accessibility, providing inclusive education and employment opportunities, addressing intersectional discrimination, involving them in decision-making, and creating support networks that recognize their specific needs.","inclusion","advanced"
"What is gender-sensitive language?","Gender-sensitive language uses words and expressions that avoid gender bias and discrimination. It includes using neutral terms, avoiding masculine generics, and respecting individuals' preferred pronouns and identities.","communication","beginner"
"How can we promote work-life balance?","We can promote work-life balance by offering flexible work arrangements, providing parental leave for all genders, supporting childcare services, encouraging reasonable working hours, and creating workplace cultures that value personal well-being.","workplace","intermediate"
"What is the global status of women's rights?","Globally, women's rights have improved but significant challenges remain. Progress includes increased education and political participation, but issues like violence, economic inequality, and limited reproductive rights persist in many regions.","global_context","advanced"
"How can we support refugee women?","We can support refugee women by providing safe shelters, access to healthcare and education, legal protection against violence, economic opportunities, language training, and ensuring their participation in decisions affecting their lives.","humanitarian","advanced"
"What is the role of art in feminism?","Art plays a vital role in feminism by challenging stereotypes, giving voice to women's experiences, creating alternative narratives, building community, documenting women's history, and inspiring social change through creative expression.","arts_culture","intermediate"
"How can we address colorism?","We can address colorism by celebrating diverse skin tones, challenging beauty standards that privilege light skin, supporting brands that offer inclusive products, educating about the history of colorism, and amplifying voices of dark-skinned women.","inclusion","advanced"
"What is reproductive justice?","Reproductive justice expands beyond rights to include the social, economic, and political conditions that enable all people to make free decisions about their bodies, reproduction, and parenting, regardless of their circumstances.","health_rights","advanced"
"How can we support girls' confidence?","We can support girls' confidence by encouraging their interests, providing positive role models, teaching critical thinking, creating safe spaces for expression, praising effort over appearance, and helping them develop resilience and self-advocacy skills.","education","intermediate"
"What is the impact of COVID-19 on women?","COVID-19 disproportionately affected women through increased care burdens, job losses in female-dominated sectors, rising domestic violence, reduced access to healthcare, and setbacks in gender equality progress worldwide.","global_context","advanced"
"How can we promote women in science?","We can promote women in science by addressing bias in hiring and promotions, providing mentorship, creating supportive work environments, highlighting female scientists' achievements, ensuring equal research funding, and encouraging girls from early ages.","science","intermediate"
"What is gender parity?","Gender parity means equal representation of women and men in a given area, such as education, employment, or political participation. It's a numerical concept that measures progress toward gender balance.","basic_concepts","intermediate"
"How can we address period stigma?","We can address period stigma through comprehensive menstrual education, open conversations, media representation that normalizes menstruation, involving men in discussions, and creating environments where menstrual needs are accommodated without shame.","health_rights","intermediate"
"What is the role of fathers in gender equality?","Fathers play a crucial role by modeling equal partnerships, sharing parenting and household work, challenging traditional masculinity, supporting daughters' ambitions, and teaching sons about respect and equality.","family","intermediate"
"How can we support women's mental health?","We can support women's mental health by addressing gender-specific stressors, providing accessible counseling, creating supportive communities, challenging stigma, recognizing the mental load women often carry, and ensuring gender-sensitive healthcare.","health_rights","intermediate"
"What is the digital divide?","The digital divide refers to the gap between those who have access to computers and the Internet and those who do not, with women and girls often disproportionately affected, limiting their educational and economic opportunities.","technology","intermediate"
"How can we promote inclusive language?","We can promote inclusive language by using gender-neutral terms, respecting pronouns, avoiding assumptions about gender, being mindful of ableist language, and continuously learning about how language can include or exclude people.","communication","beginner"
"What is the role of NGOs in women's empowerment?","NGOs play vital roles by providing direct services, advocating for policy changes, conducting research, raising awareness, building women's capacities, creating networks, and holding governments accountable for gender equality commitments.","organizations","intermediate"
"How can we address workplace harassment?","We can address workplace harassment by implementing clear policies, providing regular training, establishing confidential reporting systems, taking prompt action on complaints, supporting victims, and creating cultures of respect and accountability.","workplace","intermediate"
"What is gender identity?","Gender identity is a person's internal, deeply held sense of their gender, which may or may not correspond with the sex they were assigned at birth. Respecting gender identity is fundamental to human rights and dignity.","basic_concepts","beginner"
"How can we support transgender women?","We can support transgender women by using correct names and pronouns, advocating for legal protections, providing inclusive healthcare, challenging transphobia, creating safe spaces, and amplifying transgender voices and leadership.","inclusion","advanced"
"What is the role of men in preventing violence?","Men can prevent violence by challenging harmful masculinity norms, intervening when witnessing abuse, educating other men, supporting survivors, advocating for prevention programs, and modeling respectful relationships in their own lives.","health_rights","intermediate"
"How can we promote financial literacy for women?","We can promote financial literacy through targeted education programs, providing accessible information about saving and investing, creating supportive banking services, addressing confidence gaps, and teaching women to negotiate salaries and manage finances.","economics","intermediate"
"What is the impact of early marriage?","Early marriage negatively impacts girls' education, health, and economic opportunities. It increases risks of domestic violence, pregnancy complications, and limits personal development and decision-making power.","health_rights","intermediate"
"How can we support women in conflict zones?","We can support women in conflict zones by ensuring their protection, including them in peace processes, providing humanitarian aid that addresses their specific needs, supporting women-led organizations, and documenting gender-based crimes.","humanitarian","advanced"
"What is gender-responsive governance?","Gender-responsive governance involves ensuring that laws, policies, and institutions address the different needs and interests of women and men, promote equal participation, and work to eliminate gender-based discrimination.","political_participation","advanced"
"How can we address the care economy?","We can address the care economy by recognizing, reducing, and redistributing unpaid care work through social protection systems, public services, infrastructure development, and promoting equal sharing of domestic responsibilities.","economics","advanced"
"What is the role of youth in gender equality?","Youth play a crucial role by challenging traditional norms, using digital platforms for activism, creating inclusive communities, educating peers, and bringing fresh perspectives to advance gender equality for future generations.","youth","intermediate"
"How can we support women's networks?","We can support women's networks by providing meeting spaces, funding, mentorship opportunities, digital platforms for connection, leadership development, and recognizing their importance in building collective power and sharing resources.","community","intermediate"
"What is gender-based discrimination?","Gender-based discrimination occurs when someone is treated unequally or unfairly based on their gender. This can happen in employment, education, healthcare, legal systems, and daily interactions, limiting opportunities and reinforcing inequality.","legal_rights","beginner"
"How can we promote women in agriculture?","We can promote women in agriculture by ensuring land rights, providing access to credit and technology, including women in decision-making, recognizing their knowledge, addressing their specific needs, and supporting women-led farming cooperatives.","economics","intermediate"
"What is the role of data in gender equality?","Data is crucial for identifying inequalities, measuring progress, designing effective policies, allocating resources, and holding institutions accountable. Gender-disaggregated data reveals patterns that might otherwise remain invisible.","data_insights","advanced"
"How can we address beauty standards?","We can address harmful beauty standards by promoting diverse representations in media, educating about photo manipulation, celebrating inner qualities, supporting brands with inclusive marketing, and building critical media literacy skills.","media","intermediate"
"What is women's economic participation?","Women's economic participation refers to their involvement in the formal and informal workforce, entrepreneurship, leadership positions, and economic decision-making at all levels from household to global institutions.","economics","intermediate"
"How can we support women's leadership in communities?","We can support women's leadership by providing training opportunities, creating mentorship programs, addressing barriers to participation, valuing women's perspectives, ensuring safe spaces for expression, and recognizing women's community contributions.","community","intermediate"
"What is gender-sensitive policy making?","Gender-sensitive policy making involves analyzing how policies affect women and men differently, consulting diverse women in development processes, and designing interventions that address specific gender-based constraints and opportunities.","political_participation","advanced"
"How can we address the confidence gap?","We can address the confidence gap by providing mentorship, encouraging risk-taking, teaching negotiation skills, creating supportive environments where women can learn from failures, and challenging perfectionism that holds women back.","workplace","intermediate"
"What is the role of education in preventing violence?","Education plays a crucial role by teaching about healthy relationships, consent, gender equality, conflict resolution, and respect. Comprehensive sexuality education and social-emotional learning are particularly important for violence prevention.","education","intermediate"
"How can we support women's artistic expression?","We can support women's artistic expression by funding women artists, creating exhibition opportunities, collecting women's art, addressing gender bias in art criticism, preserving women's cultural contributions, and mentoring emerging female artists.","arts_culture","intermediate"
"What is gender-based harassment?","Gender-based harassment includes unwanted conduct related to gender that creates intimidating, hostile, or offensive environments. This can include sexist remarks, gender-based jokes, exclusion, and other behaviors that reinforce gender stereotypes.","legal_rights","intermediate"
"How can we promote women in technology?","We can promote women in tech by addressing bias in hiring, providing coding education for girls, creating inclusive work cultures, highlighting female tech leaders, ensuring equal advancement opportunities, and supporting women returning to tech careers.","technology","intermediate"
"What is the motherhood leadership gap?","The motherhood leadership gap describes how mothers are less likely to reach leadership positions compared to childless women and fathers, due to biases about their commitment and the practical challenges of balancing work and family responsibilities.","workplace","advanced"
"How can we support women's political campaigns?","We can support women's political campaigns by providing funding, training, mentorship, volunteer networks, media exposure, childcare during campaigning, and addressing online harassment that disproportionately targets female candidates.","political_participation","advanced"
"What is gender-based stereotypes?","Gender-based stereotypes are oversimplified ideas and assumptions about characteristics, roles, and capabilities of women and men. These stereotypes limit individual potential and reinforce inequality by prescribing how people should behave based on gender.","basic_concepts","beginner"
"How can we address period education?","We can address period education by teaching all genders about menstruation, making information accessible and accurate, normalizing conversations, ensuring teachers are trained, and integrating menstrual education into comprehensive sexuality education.","education","intermediate"
"What is the role of men in care work?","Men's increased participation in care work challenges traditional gender roles, reduces women's burden, promotes gender equality, benefits children's development, and allows men to build closer family relationships and develop emotional skills.","family","intermediate"
"How can we support women's sports media coverage?","We can support women's sports media coverage by demanding equal airtime, following female athletes on social media, supporting women's sports leagues, advocating for better production quality, and celebrating women's athletic achievements.","sports","intermediate"
"What is gender-based barriers in education?","Gender-based barriers in education include early marriage, safety concerns, lack of separate facilities, gender stereotypes in curriculum, teacher biases, household responsibilities, and economic constraints that disproportionately affect girls' education.","education","intermediate"
"How can we address the pink tax?","We can address the pink tax by supporting legislation that bans gender-based pricing, raising consumer awareness, supporting brands with fair pricing, and challenging the marketing practices that justify charging women more for similar products.","economics","intermediate"
"What is women's political empowerment?","Women's political empowerment means ensuring women can participate equally in political processes, exercise leadership, influence decision-making, and have their interests represented in policies and laws that affect their lives.","political_participation","intermediate"
"How can we support women in male-dominated fields?","We can support women in male-dominated fields by addressing workplace culture, providing mentorship, creating support networks, implementing anti-harassment policies, ensuring equal advancement opportunities, and challenging gender stereotypes about capabilities.","workplace","intermediate"
"What is the role of language in empowerment?","Language shapes reality and can either reinforce or challenge power structures. Using empowering language that respects women's agency, avoids diminutives, and recognizes achievements contributes to changing perceptions and building confidence.","communication","intermediate"
"How can we address gender bias in AI?","We can address gender bias in AI by ensuring diverse development teams, using representative training data, testing for biased outcomes, implementing ethical guidelines, and including gender analysis throughout the AI development lifecycle.","technology","advanced"
"What is the impact of social media on women?","Social media impacts women by providing platforms for voice and connection but also enabling harassment, spreading misinformation, promoting unrealistic standards, and creating new forms of gender-based violence that require specific protections and responses.","media","intermediate"
"How can we support women's financial independence?","We can support women's financial independence by ensuring equal pay, access to credit, financial education, inheritance rights, control over economic resources, and policies that address the wealth gap between women and men.","economics","intermediate"
"What is gender-based marketing?","Gender-based marketing involves targeting products and advertising differently to women and men, often reinforcing stereotypes through color coding, messaging, and product design that limits choices and perpetuates gender norms.","media","intermediate"
"How can we promote women in peacebuilding?","We can promote women in peacebuilding by ensuring their participation in peace negotiations, supporting women-led peace organizations, funding women's peace initiatives, and recognizing women's unique contributions to conflict resolution and reconciliation.","political_participation","advanced"
"What is the role of self-defense in empowerment?","Self-defense training builds physical confidence, awareness, and the belief that women have the right to protect themselves. It's part of a comprehensive approach to safety that also addresses the root causes of violence.","health_rights","intermediate"
"How can we support women's cultural leadership?","We can support women's cultural leadership by funding women artists and curators, ensuring equal representation in cultural institutions, preserving women's cultural heritage, and challenging the historical exclusion of women from cultural canon.","arts_culture","advanced"
"What is gender-based environmental justice?","Gender-based environmental justice recognizes that environmental degradation and climate change affect women differently and emphasizes women's roles in environmental conservation and their right to participate in environmental decision-making.","environment","advanced"
"How can we address the digital skills gap?","We can address the digital skills gap by providing targeted training programs for women and girls, creating supportive learning environments, addressing affordability barriers, and ensuring digital education reaches marginalized communities.","technology","intermediate"
"What is the role of grandmothers in empowerment?","Grandmothers often preserve cultural knowledge, provide childcare that enables mothers' employment, transmit intergenerational wisdom, and in many communities serve as respected leaders who advocate for women's rights and well-being.","family","intermediate"
"How can we support women's mental health at work?","We can support women's mental health at work by addressing workplace stressors, providing mental health resources, creating supportive management practices, offering flexible arrangements, and challenging stigma around discussing mental health.","workplace","intermediate"
"What is gender-based innovation?","Gender-based innovation involves designing products, services, and systems that account for gender differences and aim to reduce inequalities. This includes everything from medical research to technology design that serves women's specific needs.","technology","advanced"
"How can we promote women in film industry?","We can promote women in film by funding female directors, addressing harassment, ensuring equal pay, creating mentorship programs, supporting women's film festivals, and challenging the gender biases in storytelling and character development.","arts_culture","intermediate"
"What is the role of sports in empowerment?","Sports build confidence, leadership skills, teamwork, and physical health. For girls and women, participation in sports challenges gender stereotypes, provides role models, and creates opportunities for education and career advancement.","sports","intermediate"
"How can we address gender bias in healthcare?","We can address gender bias in healthcare by ensuring women are included in clinical trials, training providers on gender-sensitive care, recognizing how symptoms present differently, addressing pain management disparities, and involving women in healthcare leadership.","health_rights","advanced"